{"allStations":[
		{
			"region":"台北市",
			"name":"重慶分校",
			"tel":"(02)2331-6960",
			"add":"台北市中正區重慶南路一段49號2F",
			"lat":25.044976,
			"long":121.513358
		},
		{
			"region":"台北市",
			"name":"台北認證",
			"tel":"(02)2382-6015",
			"add":"台北市中正區公園路30號3F",
			"lat":25.044713,
			"long":121.516866
		},
		{
			"region":"台北市",
			"name":"東區認證",
			"tel":"(02)2773-5243",
			"add":"台北市大安區忠孝東路四段169號4F之1",
			"lat":25.041933,
			"long":121.550362
		},
		{
			"region":"台北市",
			"name":"台大分校",
			"tel":"(02)2365-5366",
			"add":"台北市中正區羅斯福路三段312號5F",
			"lat":25.016308,
			"long":121.532648
		},
		{
			"region":"台北市",
			"name":"士林分校",
			"tel":"(02)2833-8011",
			"add":"台北市士林區中正路288號3樓",
			"lat":25.095179,
			"long":121.523529
		},
		{
			"region":"台北市",
			"name":"館前分校",
			"tel":"(02)2388-0177",
			"add":"台北市中正區館前路34號4樓",
			"lat":25.044859,
			"long":121.51486
		},
		{
			"region":"台北市",
			"name":"松山分校",
			"tel":"(02)2747-5569",
			"add":"台北市松山區八德路四段678號3F之1",
			"lat":25.050176,
			"long":121.576057
		},
                                {
			"region":"台北市",
			"name":"內湖分校",
			"tel":"(02)2795-3745",
			"add":"台北市內湖區成功路四段50號2樓",
			"lat":25.082489,
			"long":121.592183
		},
		{
			"region":"新北市",
			"name":"板橋認證",
			"tel":"(02)2964-0123",
			"add":"新北市板橋區中山路一段10號5樓",
			"lat":25.00817,
			"long":121.460229
		},
		{
			"region":"新北市",
			"name":"三重分校",
			"tel":"02)2972-0388",
			"add":"新北市三重區重新路二段60號",
			"lat":25.062383,
			"long":121.498016
		},
		{
			"region":"新北市",
			"name":"永和分校",
			"tel":"(02)2232-4619",
			"add":"新北市永和區中正路746號2F",
			"lat":25.01062,
			"long":121.515214
		},
		{
			"region":"新北市",
			"name":"新莊分校",
			"tel":"(02)2203-1186",
			"add":"新北市新莊區中正路287號",
			"lat":25.035333,
			"long":121.448802
		},
		{
			"region":"新北市",
			"name":"新店分校",
			"tel":"(02)2918-2595",
			"add":"新北市新店區北新路二段93號",
			"lat":24.974339,
			"long":121.542809
		},

		{
			"region":"新北市",
			"name":"淡水分校",
			"tel":"(02)8631-3113",
			"add":"新北市淡水區學府路30號5樓",
			"lat":25.168892,
			"long":121.447848
		},
		{
			"region":"新北市",
			"name":"樹林分校",
			"tel":"(02)2682-3259",
			"add":"新北市樹林區中山路一段39號",
			"lat":24.992651,
			"long":121.424083
		},
		{
			"region":"新北市",
			"name":"蘆洲分校",
			"tel":"(02)2282-3808",
			"add":"新北市蘆洲區中正路66號",
			"lat":25.0835,
			"long":121.47055
		},
		{
			"region":"新北市",
			"name":"板橋文化",
			"tel":"(02)2250-4608",
			"add":"新北市板橋區文化路一段349號",
			"lat":25.021227,
			"long":121.46658
		},
		{
			"region":"基隆市",
			"name":"基隆分校",
			"tel":"(02)2424-4642",
			"add":"基隆市仁愛區愛三路37號7F",
			"lat":25.128297,
			"long":121.74229
		},
		{
			"region":"桃園縣市",
			"name":"中壢分校",
			"tel":"(03)427-3993",
			"add":"桃園縣中壢市中央東路55號",
			"lat":24.957308,
			"long":121.225503
		},
		{
			"region":"桃園縣市",
			"name":"八德分校",
			"tel":"(03)366-8800",
			"add":"桃園縣八德市介壽路一段985號",
			"lat":24.958981,
			"long":121.299811
		},{	
			"region":"桃園縣",
			"name":"南崁分校",
			"tel":"(03)212-0680",
			"add":"桃園縣蘆竹鄉南崁中正路116號",
			"lat":25.04655,
			"long":121.29287
		},
		{	
			"region":"桃園縣",
			"name":"桃園認證",
			"tel":"(03)347-4878",
			"add":"桃園市民權路6號2樓",
			"lat":24.990162,
			"long":121.311978
		},
		{	
			"region":"新竹市",
			"name":"新竹認證",
			"tel":"(03)528-4678",
			"add":"新竹市中華路二段393號",
			"lat":24.803019,
			"long":120.973258
		},
		{	
			"region":"新竹縣",
			"name":"竹北分校",
			"tel":"(03)554-1997",
			"add":"新竹縣竹北市中華路372之6號",
			"lat":24.838163,
			"long":121.005487
		},
		{
			"region":"苗栗縣市",
			"name":"苗栗分校",
			"tel":"(037)330-136",
			"add":"苗栗市中正路825號",
			"lat":24.5529,
			"long":120.817325
		},
		{
			"region":"苗栗縣市",
			"name":"竹南分校",
			"tel":"(037)552-000",
			"add":"苗栗縣竹南鎮延平路110號",
			"lat":24.686845,
			"long":120.877063
		},
		{
			"region":"台中市",
			"name":"台中認證",
			"tel":"(04)2221-0973",
			"add":"台中市中區中山路27號1F",
			"lat":24.137737,
			"long":120.683332
		},
		{
			"region":"台中市",
			"name":"豐原分校",
			"tel":"(04)2520-8271",
			"add":"台中市豐原區中正路118號",
			"lat":24.252012,
			"long":120.720518
		},
		{
			"region":"台中市",
			"name":"三民分校",
			"tel":"(04)2221-3460",
			"add":"台中市北區三民路三段52-3號",
			"lat":24.147889,
			"long":120.683459
		},
		{
			"region":"台中市",
			"name":"大甲分校",
			"tel":"(04)2687-4200",
			"add":"台中市大甲區光明路21號",
			"lat":24.344467,
			"long":120.621953
		},
		{
			"region":"台中市",
			"name":"大里分校",
			"tel":"(04)2487-2228",
			"add":"台中市大里區中興路二段317號",
			"lat":24.110447,
			"long":120.689705
		},
		{
			"region":"台中市",
			"name":"公益認證",
			"tel":"(04)2321-1960",
			"add":"台中市西區公益路90號",
			"lat":24.151149,
			"long":120.662164
		},
		{
			"region":"台中市",
			"name":"太平分校",
			"tel":"(04)2278-6603",
			"add":"台中市太平區中興路57號",
			"lat":24.128161,
			"long":120.716699
		},
		{
			"region":"台中市",
			"name":"逢甲分校",
			"tel":"(04)2452-3308",
			"add":"台中市西屯區逢甲路216號",
			"lat":24.175964,
			"long":120.640234
		},
		{
			"region":"台中市",
			"name":"沙鹿分校",
			"tel":"(04)2662-8883",
			"add":"台中市沙鹿區中山路449-8號",
			"lat":24.243727,
			"long":120.561152
		},
		{
			"region":"南投縣市",
			"name":"草屯分校",
			"tel":"(049)230-4506",
			"add":"南投縣草屯鎮中山街114號",
			"lat":23.976185,
			"long":120.682699
		},
		{
			"region":"南投縣市",
			"name":"南投分校",
			"tel":"(049)224-7646",
			"add":"南投市彰南路二段6號",
			"lat":23.90834,
			"long":120.68509
		},
		{
			"region":"彰化縣市",
			"name":"彰化分校",
			"tel":"(04)723-1599",
			"add":"彰化市光復路129號",
			"lat":24.080418,
			"long":120.540982
		},
		{
			"region":"彰化縣市",
			"name":"員林分校",
			"tel":"(04)834-8988",
			"add":"彰化縣員林鎮民權街3號",
			"lat":23.959254,
			"long":120.57157
		},
		{
			"region":"雲林縣",
			"name":"斗六分校",
			"tel":"(05)533-9868",
			"add":"雲林縣斗六市民生路191號",
			"lat":23.711619,
			"long":120.541667
		},
		{
			"region":"雲林縣",
			"name":"虎尾分校",
			"tel":"(05)636-1311",
			"add":"雲林縣虎尾鎮林森路一段562號",
			"lat":23.708952,
			"long":120.432385
		},
		{
			"region":"嘉義縣市",
			"name":"嘉義認證",
			"tel":"(05)225-8886",
			"add":"嘉義市西區中山路496號",
			"lat":23.479474,
			"long":120.442802
		},
		{
			"region":"台南市",
			"name":"台南認證",
			"tel":"(06)220-0940",
			"add":"台南市中西區公園路108號",
			"lat":22.997439,
			"long":120.206822
		},
		{
			"region":"台南市",
			"name":"西門分校",
			"tel":"(06)222-0767",
			"add":"台南市中西區西門路一段727號",
			"lat":22.989232,
			"long":120.197359
		},
		{
			"region":"台南市",
			"name":"新營分校",
			"tel":"(06)633-5696",
			"add":"台南市新營區三民路76-6號",
			"lat":23.30737,
			"long":120.316942
		},
		{
			"region":"台南市",
			"name":"東門分校",
			"tel":"(06)335-0737",
			"add":"台南市東區東門路二段206-208號",
			"lat":22.984955,
			"long":120.223441
		},
		{
			"region":"台南市",
			"name":"佳里分校",
			"tel":"(06)722-2379",
			"add":"台南市佳里區新生路271號",
			"lat":23.16006,
			"long":120.176352
		},
		{
			"region":"台南市",
			"name":"崑山分校",
			"tel":"(06)271-6256",
			"add":"台南市永康區大灣路826號",
			"lat":23.000155,
			"long":120.257869
		},
		{"region":"台南市",
			"name":"南台分校",
			"tel":"(06)302-3768",
			"add":"台南市永康區中華路729號",
			"lat":23.017733,
			"long":120.227462
			},
			{"region":"高雄市",
			"name":"高雄認證",
			"tel":"(07)237-1933",
			"add":"高雄市新興區中山一路242號",
			"lat":22.634709,
			"long":120.302392
			},
			{"region":"高雄市",
			"name":"鳳山分校",
			"tel":"(07)747-8048",
			"add":"高雄市鳳山區光遠路320號",
			"lat":22.62637,
			"long":120.360393
			},
			{"region":"高雄市",
			"name":"裕誠分校",
			"tel":"(07)552-8568",
			"add":"高雄市鼓山區裕誠路1055號",
			"lat":22.666116,
			"long":120.301126
			},
			{
			"region":"高雄市",
			"name":"三多分校",
			"tel":"(07)338-3381",
			"add":"高雄市苓雅區三多三路214-15號",
			"lat":22.618448,
			"long":120.308334
		},
		{
			"region":"高雄市",
			"name":"大昌分校",
			"tel":"(07)396-1791",
			"add":"高雄市三民區大昌二路307號",
			"lat":22.647918,
			"long":120.331791
		},
		{
			"region":"高雄市",
			"name":"鳳山五甲",
			"tel":"(07)727-3111",
			"add":"高雄市鳳山區五甲二路396號",
			"lat":22.598768,
			"long":120.336362
		},
                {
			"region":"高雄市",
			"name":"岡山分校",
			"tel":"(07)624-0098",
			"add":"高雄市岡山區岡山路181號",
			"lat":22.791464,
			"long":120.295978
		},
		{
			"region":"高雄市",
			"name":"岡山分校",
			"tel":"(07)624-0098",
			"add":"高雄市岡山區岡山路181號",
			"lat":22.791929,
			"long":120.296105
		},
		{
			"region":"高雄市",
			"name":"楠梓分校",
			"tel":"(07)355-2928",
			"add":"高雄市楠梓區建楠路93號",
			"lat":22.727265,
			"long":120.327755
		},
		{
			"region":"高雄市",
			"name":"小港分校",
			"tel":"(07)807-0722",
			"add":"高雄市小港區漢民路277號",
			"lat":22.56791,
			"long":120.353354
		},

		{
			"region":"屏東縣市",
			"name":"屏東分校",
			"tel":"(08)765-1922",
			"add":"屏東市復興路10號",
			"lat":22.671105,
			"long":120.489203
		},
		{
			"region":"屏東縣市",
			"name":"潮州分校",
			"tel":"(08)780-6863",
			"add":"屏東縣潮州鎮延平路102號",
			"lat":22.554247,
			"long":120.540488
		},
		{
			"region":"宜蘭縣市",
			"name":"宜蘭分校",
			"tel":"(03)932-1933",
			"add":"宜蘭市中山路三段28之1號",
			"lat":24.755639,
			"long":121.752268
		},
		{
			"region":"宜蘭縣市",
			"name":"羅東分校",
			"tel":"(03)955-0845",
			"add":"宜蘭縣羅東鎮中正路142號",
			"lat":24.676638,
			"long":121.771665
		},
		{
			"region":"花東縣市",
			"name":"花蓮分校",
			"tel":"(03)836-0863",
			"add":"花蓮市中山路180號1樓",
			"lat":23.977999,
			"long":121.608768
		}
		

	]
}